AÑO,TRIMESTRE,DEPARTAMENTO,MUNICIPIO,No. ACCESOS FIJOS A INTERNET,POBLACIÓN DANE,INDICE
2019,4,SANTANDER,VALLE DE SAN JOSE,28,6222,"0,0045"
2018,4,SANTANDER,SIMACOTA,87,10042,"0,0087"
2020,1,SANTANDER,LEBRIJA,1173,44169,"0,0266"
2019,4,SANTANDER,ONZAGA,18,4111,"0,0044"
2020,1,SANTANDER,CONCEPCION,122,5757,"0,0212"
2020,1,SANTANDER,CABRERA,14,2021,"0,0069"
2019,3,SANTANDER,CERRITO,113,6838,"0,0165"
2019,4,SANTANDER,LEBRIJA,1103,43145,"0,0256"
2019,4,SANTANDER,GUADALUPE,25,4473,"0,0056"
2019,4,SANTANDER,SANTA HELENA DEL OPON,14,3393,"0,0041"
2018,3,SANTANDER,OCAMONTE,47,5661,"0,0083"
2018,3,SANTANDER,CERRITO,103,6729,"0,0153"
2019,4,SANTANDER,CABRERA,15,1983,"0,0076"
2019,4,SANTANDER,JESUS MARIA,20,3337,"0,006"
2018,3,SANTANDER,BUCARAMANGA,149508,581130,"0,2573"
2019,1,SANTANDER,CONTRATACION,224,3683,"0,0608"
2020,1,SANTANDER,SANTA HELENA DEL OPON,13,3411,"0,0038"
2019,2,SANTANDER,HATO,33,2349,"0,014"
2019,2,SANTANDER,CONTRATACION,248,3683,"0,0673"
2018,4,SANTANDER,SOCORRO,3971,32158,"0,1235"
2019,2,SANTANDER,EL GUACAMAYO,66,2119,"0,0311"
2018,4,SANTANDER,PUERTO WILCHES,1612,32791,"0,0492"
2018,3,SANTANDER,GUACA,64,5916,"0,0108"
2018,4,SANTANDER,VETAS,26,2114,"0,0123"
2019,1,SANTANDER,SAN BENITO,40,2957,"0,0135"
2019,3,SANTANDER,CONFINES,41,3233,"0,0127"
2019,2,SANTANDER,SAN ANDRES,170,8613,"0,0197"
2019,2,SANTANDER,JORDAN,15,1325,"0,0113"
2019,3,SANTANDER,CHIMA,41,2865,"0,0143"
2019,1,SANTANDER,SANTA BARBARA,33,2425,"0,0136"
2019,4,SANTANDER,MOLAGAVITA,19,4105,"0,0046"
2019,1,SANTANDER,CHARALA,219,12256,"0,0179"
2020,1,SANTANDER,SURATA,26,3987,"0,0065"
2018,3,SANTANDER,CALIFORNIA,40,2130,"0,0188"
2019,4,SANTANDER,PALMAR,18,1386,"0,013"
2019,2,SANTANDER,CHARALA,217,12256,"0,0177"
2019,1,SANTANDER,LOS SANTOS,81,14485,"0,0056"
2019,4,SANTANDER,PARAMO,20,4773,"0,0042"
2018,3,SANTANDER,LA PAZ,46,4953,"0,0093"
2019,1,SANTANDER,VETAS,27,2142,"0,0126"
2018,3,SANTANDER,RIONEGRO,215,26438,"0,0081"
2019,3,SANTANDER,SUCRE,51,7103,"0,0072"
2019,3,SANTANDER,MOLAGAVITA,47,4105,"0,0114"
2020,1,SANTANDER,ALBANIA,8,4336,"0,0018"
2019,4,SANTANDER,EL PLAYON,85,13882,"0,0061"
2019,4,SANTANDER,ENCISO,16,3444,"0,0046"
2018,3,SANTANDER,SURATA,45,3975,"0,0113"
2019,3,SANTANDER,ARATOCA,265,8368,"0,0317"
2019,1,SANTANDER,SIMACOTA,88,10138,"0,0087"
2019,4,SANTANDER,SANTA BARBARA,18,2425,"0,0074"
2020,1,SANTANDER,CARCASI,22,4259,"0,0052"
2018,3,SANTANDER,JESUS MARIA,34,3342,"0,0102"
2019,1,SANTANDER,SURATA,42,3977,"0,0106"
2019,4,SANTANDER,PUENTE NACIONAL,88,14740,"0,006"
2019,1,SANTANDER,FLORIAN,71,5569,"0,0127"
2019,1,SANTANDER,LANDAZURI,166,10482,"0,0158"
2019,1,SANTANDER,COROMORO,51,5009,"0,0102"
2019,1,SANTANDER,PALMAS DEL SOCORRO,34,2584,"0,0132"
2018,3,SANTANDER,SANTA HELENA DEL OPON,30,3389,"0,0089"
2019,1,SANTANDER,CEPITA,32,2018,"0,0159"
2019,2,SANTANDER,SAN BENITO,43,2957,"0,0145"
2020,1,SANTANDER,PUERTO PARRA,52,8017,"0,0065"
2018,4,SANTANDER,CERRITO,103,6729,"0,0153"
2019,2,SANTANDER,LANDAZURI,183,10482,"0,0175"
2018,4,SANTANDER,ENCISO,49,3461,"0,0142"
2018,4,SANTANDER,BOLIVAR,88,11287,"0,0078"
2019,4,SANTANDER,ZAPATOCA,36,9507,"0,0038"
2019,4,SANTANDER,VILLANUEVA,117,7927,"0,0148"
2018,3,SANTANDER,MOGOTES,205,10527,"0,0195"
2019,1,SANTANDER,ENCINO,34,2567,"0,0132"
2019,4,SANTANDER,SAN MIGUEL,12,2494,"0,0048"
2020,1,SANTANDER,MOGOTES,38,10647,"0,0036"
2019,1,SANTANDER,MALAGA,1419,21339,"0,0665"
2018,4,SANTANDER,COROMORO,51,5015,"0,0102"
2019,2,SANTANDER,OIBA,112,11004,"0,0102"
2018,3,SANTANDER,CURITI,164,12717,"0,0129"
2018,4,SANTANDER,JESUS MARIA,33,3342,"0,0099"
2020,1,SANTANDER,EL GUACAMAYO,38,2085,"0,0182"
2020,1,SANTANDER,BUCARAMANGA,143558,607428,"0,2363"
2018,3,SANTANDER,PUERTO PARRA,118,7640,"0,0154"
2019,1,SANTANDER,AGUADA,27,1858,"0,0145"
2019,1,SANTANDER,TONA,78,7562,"0,0103"
2019,3,SANTANDER,CHARALA,211,12256,"0,0172"
2020,1,SANTANDER,BARICHARA,858,10815,"0,0793"
2018,3,SANTANDER,SABANA DE TORRES,1229,33055,"0,0372"
2020,1,SANTANDER,GUACA,28,5909,"0,0047"
2019,4,SANTANDER,VELEZ,572,24843,"0,023"
2019,1,SANTANDER,CALIFORNIA,43,2186,"0,0197"
2020,1,SANTANDER,CHARTA,31,2888,"0,0107"
2019,2,SANTANDER,BARBOSA,2178,31940,"0,0682"
2019,2,SANTANDER,PIEDECUESTA,30083,177586,"0,1694"
2020,1,SANTANDER,BARRANCABERMEJA,38706,210729,"0,1837"
2020,1,SANTANDER,BOLIVAR,54,10980,"0,0049"
2019,1,SANTANDER,CARCASI,38,4263,"0,0089"
2018,3,SANTANDER,VALLE DE SAN JOSE,64,6084,"0,0105"
2019,1,SANTANDER,RIONEGRO,244,26746,"0,0091"
2019,4,SANTANDER,GUAPOTA,19,2394,"0,0079"
2019,1,SANTANDER,EL GUACAMAYO,70,2119,"0,033"
2019,2,SANTANDER,SUCRE,72,7103,"0,0101"
2018,4,SANTANDER,VELEZ,515,24356,"0,0211"
2019,1,SANTANDER,GALAN,73,2883,"0,0253"
2019,3,SANTANDER,ALBANIA,26,4242,"0,0061"
2018,4,SANTANDER,SURATA,44,3975,"0,0111"
2019,1,SANTANDER,MOLAGAVITA,37,4105,"0,009"
2018,4,SANTANDER,LA BELLEZA,66,6198,"0,0106"
2018,4,SANTANDER,SAN VICENTE DE CHUCURI,915,33133,"0,0276"
2019,1,SANTANDER,CAPITANEJO,226,5479,"0,0412"
2019,1,SANTANDER,PARAMO,50,4773,"0,0105"
2018,4,SANTANDER,ENCINO,35,2552,"0,0137"
2018,3,SANTANDER,CONFINES,28,3159,"0,0089"
2020,1,SANTANDER,GUAVATA,18,4191,"0,0043"
2019,2,SANTANDER,EL PLAYON,467,13882,"0,0336"
2018,3,SANTANDER,BARRANCABERMEJA,33798,203537,"0,1661"
2018,4,SANTANDER,CHARTA,50,2888,"0,0173"
2019,4,SANTANDER,ENCINO,14,2567,"0,0055"
2019,2,SANTANDER,CHARTA,54,2883,"0,0187"
2019,3,SANTANDER,AGUADA,33,1858,"0,0178"
2019,3,SANTANDER,PUERTO WILCHES,1815,33572,"0,0541"
2019,2,SANTANDER,SANTA BARBARA,34,2425,"0,014"
2018,4,SANTANDER,LANDAZURI,154,10384,"0,0148"
2018,4,SANTANDER,LEBRIJA,1320,41835,"0,0316"
2020,1,SANTANDER,MOLAGAVITA,27,4106,"0,0066"
2019,1,SANTANDER,SAN ANDRES,168,8613,"0,0195"
2019,3,SANTANDER,GsEPSA,213,5222,"0,0408"
2019,3,SANTANDER,SUAITA,127,10086,"0,0126"
2019,2,SANTANDER,LA BELLEZA,271,6174,"0,0439"
2018,3,SANTANDER,SUCRE,69,7202,"0,0096"
2019,3,SANTANDER,SAN ANDRES,165,8613,"0,0192"
2018,3,SANTANDER,ENCINO,35,2552,"0,0137"
2020,1,SANTANDER,CHIMA,14,2866,"0,0049"
2019,2,SANTANDER,CIMITARRA,1705,33750,"0,0505"
2018,4,SANTANDER,GAMBITA,47,4021,"0,0117"
2018,3,SANTANDER,ARATOCA,82,8229,"0,01"
2018,4,SANTANDER,FLORIAN,71,5562,"0,0128"
2018,3,SANTANDER,TONA,74,7373,"0,01"
2018,4,SANTANDER,ONZAGA,69,4183,"0,0165"
2019,3,SANTANDER,BETULIA,78,6003,"0,013"
2019,4,SANTANDER,BARICHARA,795,10674,"0,0745"
2018,4,SANTANDER,PUERTO PARRA,119,7640,"0,0156"
2019,3,SANTANDER,SURATA,45,3977,"0,0113"
2019,2,SANTANDER,SIMACOTA,91,10138,"0,009"
2020,1,SANTANDER,ENCINO,16,2583,"0,0062"
2020,1,SANTANDER,GAMBITA,33,4013,"0,0082"
2018,4,SANTANDER,MOLAGAVITA,38,4137,"0,0092"
2019,1,SANTANDER,LA PAZ,46,4921,"0,0093"
2018,3,SANTANDER,SAN VICENTE DE CHUCURI,1189,33133,"0,0359"
2019,2,SANTANDER,MACARAVITA,41,2125,"0,0193"
2019,3,SANTANDER,PUERTO PARRA,116,7846,"0,0148"
2019,1,SANTANDER,CURITI,248,13028,"0,019"
2019,1,SANTANDER,PUENTE NACIONAL,152,14740,"0,0103"
2019,1,SANTANDER,BARICHARA,696,10674,"0,0652"
2019,3,SANTANDER,MOGOTES,185,10576,"0,0175"
2020,1,SANTANDER,CAPITANEJO,73,5479,"0,0133"
2019,1,SANTANDER,BARRANCABERMEJA,35492,207494,"0,1711"
2019,3,SANTANDER,SAN MIGUEL,40,2494,"0,016"
2019,4,SANTANDER,EL CARMEN DE CHUCURI,79,21415,"0,0037"
2018,3,SANTANDER,PARAMO,50,4654,"0,0107"
2019,4,SANTANDER,BUCARAMANGA,140859,595635,"0,2365"
2019,3,SANTANDER,SAN JOSE DE MIRANDA,97,4313,"0,0225"
2019,4,SANTANDER,GsEPSA,160,5222,"0,0306"
2019,3,SANTANDER,PALMAS DEL SOCORRO,33,2584,"0,0128"
2018,4,SANTANDER,SANTA HELENA DEL OPON,30,3389,"0,0089"
2020,1,SANTANDER,AGUADA,14,1867,"0,0075"
2019,2,SANTANDER,SUAITA,144,10086,"0,0143"
2020,1,SANTANDER,MALAGA,1148,21672,"0,053"
2019,3,SANTANDER,CHARTA,54,2883,"0,0187"
2020,1,SANTANDER,COROMORO,18,5024,"0,0036"
2020,1,SANTANDER,TONA,112,7718,"0,0145"
2018,4,SANTANDER,CHARALA,230,12270,"0,0187"
2018,3,SANTANDER,ALBANIA,31,4129,"0,0075"
2019,2,SANTANDER,MALAGA,1392,21339,"0,0652"
2018,4,SANTANDER,MACARAVITA,41,2171,"0,0189"
2020,1,SANTANDER,ONZAGA,20,4082,"0,0049"
2020,1,SANTANDER,EL PE�ON,24,5507,"0,0044"
2019,4,SANTANDER,SUAITA,36,10086,"0,0036"
2019,2,SANTANDER,GUAVATA,36,4200,"0,0086"
2019,2,SANTANDER,GAMBITA,54,4008,"0,0135"
2019,4,SANTANDER,CAPITANEJO,45,5479,"0,0082"
2020,1,SANTANDER,GUAPOTA,24,2413,"0,0099"
2018,4,SANTANDER,CIMITARRA,887,32947,"0,0269"
2018,4,SANTANDER,MOGOTES,205,10527,"0,0195"
2019,3,SANTANDER,MACARAVITA,31,2125,"0,0146"
2019,1,SANTANDER,SUCRE,70,7103,"0,0099"
2018,3,SANTANDER,LA BELLEZA,242,6198,"0,039"
2019,3,SANTANDER,EL PLAYON,454,13882,"0,0327"
2018,4,SANTANDER,EL PLAYON,302,13713,"0,022"
2019,1,SANTANDER,GUADALUPE,75,4473,"0,0168"
2018,4,SANTANDER,BUCARAMANGA,137095,581130,"0,2359"
2019,2,SANTANDER,PUERTO WILCHES,1667,33572,"0,0497"
2018,4,SANTANDER,VILLANUEVA,185,7873,"0,0235"
2018,3,SANTANDER,AGUADA,29,1855,"0,0156"
2019,1,SANTANDER,SABANA DE TORRES,1285,33887,"0,0379"
2018,4,SANTANDER,OCAMONTE,46,5661,"0,0081"
2019,2,SANTANDER,MOLAGAVITA,39,4105,"0,0095"
2019,3,SANTANDER,PIEDECUESTA,30839,177586,"0,1737"
2019,1,SANTANDER,ZAPATOCA,303,9507,"0,0319"
2018,3,SANTANDER,VILLANUEVA,124,7873,"0,0158"
2019,2,SANTANDER,RIONEGRO,256,26746,"0,0096"
2018,4,SANTANDER,SAN MIGUEL,50,2531,"0,0198"
2020,1,SANTANDER,RIONEGRO,148,27062,"0,0055"
2019,1,SANTANDER,ENCISO,51,3444,"0,0148"
2019,2,SANTANDER,GIRON,26489,166843,"0,1588"
2019,1,SANTANDER,SAN VICENTE DE CHUCURI,1207,33414,"0,0361"
2020,1,SANTANDER,GUADALUPE,30,4468,"0,0067"
2019,1,SANTANDER,CIMITARRA,1429,33750,"0,0423"
2020,1,SANTANDER,ENCISO,20,3445,"0,0058"
2019,2,SANTANDER,EL CARMEN DE CHUCURI,119,21415,"0,0056"
2019,4,SANTANDER,GAMBITA,27,4008,"0,0067"
2019,4,SANTANDER,PALMAS DEL SOCORRO,13,2584,"0,005"
2019,1,SANTANDER,BUCARAMANGA,140606,595635,"0,2361"
2019,1,SANTANDER,VELEZ,671,24843,"0,027"
2019,3,SANTANDER,EL CARMEN DE CHUCURI,89,21415,"0,0042"
2019,4,SANTANDER,SOCORRO,3125,32965,"0,0948"
2018,4,SANTANDER,SAN GIL,7500,56037,"0,1338"
2018,4,SANTANDER,SUAITA,145,10031,"0,0145"
2019,4,SANTANDER,CONCEPCION,110,5738,"0,0192"
2019,3,SANTANDER,GUACA,58,5900,"0,0098"
2019,4,SANTANDER,TONA,23,7562,"0,003"
2019,3,SANTANDER,SAN JOAQUIN,47,2215,"0,0212"
2018,4,SANTANDER,SAN BENITO,41,2950,"0,0139"
2018,3,SANTANDER,FLORIAN,71,5562,"0,0128"
2019,1,SANTANDER,OCAMONTE,43,5740,"0,0075"
2018,3,SANTANDER,SAN GIL,7398,56037,"0,132"
2019,4,SANTANDER,LA PAZ,25,4921,"0,0051"
2019,3,SANTANDER,VELEZ,633,24843,"0,0255"
2018,3,SANTANDER,GUAPOTA,38,2375,"0,016"
2019,1,SANTANDER,CHARTA,50,2883,"0,0173"
2018,3,SANTANDER,LANDAZURI,153,10384,"0,0147"
2020,1,SANTANDER,MACARAVITA,12,2104,"0,0057"
2018,3,SANTANDER,EL PE�ON,33,5279,"0,0063"
2019,3,SANTANDER,GAMBITA,49,4008,"0,0122"
2018,4,SANTANDER,SAN ANDRES,171,8683,"0,0197"
2019,4,SANTANDER,SAN VICENTE DE CHUCURI,723,33414,"0,0216"
2019,4,SANTANDER,CONFINES,17,3233,"0,0053"
2019,4,SANTANDER,OIBA,62,11004,"0,0056"
2018,4,SANTANDER,MALAGA,1446,20945,"0,069"
2020,1,SANTANDER,SABANA DE TORRES,1146,34556,"0,0332"
2019,2,SANTANDER,CONCEPCION,112,5738,"0,0195"
2019,3,SANTANDER,PARAMO,39,4773,"0,0082"
2020,1,SANTANDER,CALIFORNIA,22,2232,"0,0099"
2018,4,SANTANDER,PARAMO,51,4654,"0,011"
2018,4,SANTANDER,BARRANCABERMEJA,34525,203537,"0,1696"
2018,4,SANTANDER,CALIFORNIA,38,2130,"0,0178"
2019,4,SANTANDER,COROMORO,15,5009,"0,003"
2019,2,SANTANDER,LEBRIJA,1352,43145,"0,0313"
2019,2,SANTANDER,CARCASI,42,4263,"0,0099"
2019,2,SANTANDER,SAN JOAQUIN,44,2215,"0,0199"
2018,3,SANTANDER,EL CARMEN DE CHUCURI,161,20916,"0,0077"
2019,1,SANTANDER,SANTA HELENA DEL OPON,29,3393,"0,0085"
2018,4,SANTANDER,LA PAZ,45,4953,"0,0091"
2018,3,SANTANDER,GUADALUPE,74,4511,"0,0164"
2019,2,SANTANDER,GsEPSA,260,5222,"0,0498"
2019,4,SANTANDER,EL GUACAMAYO,21,2119,"0,0099"
2018,3,SANTANDER,GAMBITA,46,4021,"0,0114"
2019,3,SANTANDER,FLORIDABLANCA,66212,300730,"0,2202"
2018,4,SANTANDER,GUAVATA,37,4230,"0,0087"
2019,4,SANTANDER,PIEDECUESTA,31983,177586,"0,1801"
2018,4,SANTANDER,PINCHOTE,650,5162,"0,1259"
2018,3,SANTANDER,CEPITA,32,2015,"0,0159"
2019,3,SANTANDER,CONCEPCION,207,5738,"0,0361"
2019,3,SANTANDER,CARCASI,38,4263,"0,0089"
2018,4,SANTANDER,PALMAR,34,1361,"0,025"
2020,1,SANTANDER,VILLANUEVA,256,7982,"0,0321"
2018,3,SANTANDER,GIRON,29053,160403,"0,1811"
2020,1,SANTANDER,PUERTO WILCHES,1005,34206,"0,0294"
2019,2,SANTANDER,FLORIDABLANCA,65357,300730,"0,2173"
2018,4,SANTANDER,PUENTE NACIONAL,152,14654,"0,0104"
2019,2,SANTANDER,GUADALUPE,78,4473,"0,0174"
2018,4,SANTANDER,SANTA BARBARA,30,2401,"0,0125"
2019,2,SANTANDER,CEPITA,50,2018,"0,0248"
2019,3,SANTANDER,BUCARAMANGA,142427,595635,"0,2391"
2019,3,SANTANDER,JESUS MARIA,30,3337,"0,009"
2018,3,SANTANDER,GALAN,46,2886,"0,0159"
2020,1,SANTANDER,EL CARMEN DE CHUCURI,88,21820,"0,004"
2018,3,SANTANDER,SOCORRO,3978,32158,"0,1237"
2019,4,SANTANDER,VETAS,12,2142,"0,0056"
2020,1,SANTANDER,ARATOCA,374,8487,"0,0441"
2019,3,SANTANDER,EL PE�ON,36,5405,"0,0067"
2019,3,SANTANDER,SABANA DE TORRES,1286,33887,"0,0379"
2020,1,SANTANDER,SAN JOAQUIN,15,2208,"0,0068"
2019,4,SANTANDER,SAN BENITO,13,2957,"0,0044"
2020,1,SANTANDER,OIBA,59,11175,"0,0053"
2019,2,SANTANDER,PUERTO PARRA,127,7846,"0,0162"
2019,3,SANTANDER,GUADALUPE,77,4473,"0,0172"
2018,4,SANTANDER,VALLE DE SAN JOSE,65,6084,"0,0107"
2020,1,SANTANDER,SANTA BARBARA,17,2448,"0,0069"
2019,3,SANTANDER,SANTA BARBARA,38,2425,"0,0157"
2019,2,SANTANDER,CHIMA,29,2865,"0,0101"
2018,4,SANTANDER,CONCEPCION,110,5738,"0,0192"
2019,4,SANTANDER,JORDAN,9,1325,"0,0068"
2018,3,SANTANDER,GsEPSA,218,5114,"0,0426"
2019,2,SANTANDER,ENCISO,54,3444,"0,0157"
2019,4,SANTANDER,SAN JOSE DE MIRANDA,11,4313,"0,0026"
2019,4,SANTANDER,CERRITO,36,6838,"0,0053"
2019,3,SANTANDER,LA BELLEZA,288,6174,"0,0466"
2018,4,SANTANDER,LOS SANTOS,72,14106,"0,0051"
2019,1,SANTANDER,GUAPOTA,38,2394,"0,0159"
2019,1,SANTANDER,EL PE�ON,32,5405,"0,0059"
2018,3,SANTANDER,SAN JOAQUIN,44,2241,"0,0196"
2019,1,SANTANDER,CERRITO,107,6838,"0,0156"
2019,1,SANTANDER,HATO,33,2349,"0,014"
2020,1,SANTANDER,CONFINES,18,3294,"0,0055"
2019,4,SANTANDER,PINCHOTE,348,5285,"0,0658"
2019,4,SANTANDER,FLORIDABLANCA,66111,300730,"0,2198"
2018,4,SANTANDER,FLORIDABLANCA,64264,291935,"0,2201"
2019,4,SANTANDER,AGUADA,14,1858,"0,0075"
2018,4,SANTANDER,ALBANIA,32,4129,"0,0078"
2018,4,SANTANDER,PIEDECUESTA,29013,170625,"0,17"
2019,1,SANTANDER,GsEPSA,291,5222,"0,0557"
2019,2,SANTANDER,TONA,77,7562,"0,0102"
2020,1,SANTANDER,PARAMO,227,4869,"0,0466"
2020,1,SANTANDER,OCAMONTE,16,5810,"0,0028"
2019,2,SANTANDER,SAN JOSE DE MIRANDA,89,4313,"0,0206"
2019,4,SANTANDER,MOGOTES,34,10576,"0,0032"
2018,4,SANTANDER,GALAN,63,2886,"0,0218"
2019,1,SANTANDER,EL CARMEN DE CHUCURI,162,21415,"0,0076"
2019,2,SANTANDER,VALLE DE SAN JOSE,66,6222,"0,0106"
2018,4,SANTANDER,PALMAS DEL SOCORRO,33,2535,"0,013"
2018,3,SANTANDER,GUAVATA,37,4230,"0,0087"
2019,3,SANTANDER,VETAS,35,2142,"0,0163"
2018,3,SANTANDER,CHARTA,50,2888,"0,0173"
2019,3,SANTANDER,RIONEGRO,233,26746,"0,0087"
2019,3,SANTANDER,GIRON,26742,166843,"0,1603"
2018,4,SANTANDER,CHIPATA,37,5075,"0,0073"
2018,4,SANTANDER,EL GUACAMAYO,70,2167,"0,0323"
2019,3,SANTANDER,CABRERA,38,1983,"0,0192"
2019,3,SANTANDER,ONZAGA,71,4111,"0,0173"
2019,2,SANTANDER,SURATA,45,3977,"0,0113"
2018,3,SANTANDER,CABRERA,27,1937,"0,0139"
2018,4,SANTANDER,AGUADA,27,1855,"0,0146"
2020,1,SANTANDER,GALAN,62,2891,"0,0214"
2019,2,SANTANDER,GUACA,68,5900,"0,0115"
2019,2,SANTANDER,PALMAS DEL SOCORRO,34,2584,"0,0132"
2019,2,SANTANDER,CABRERA,29,1983,"0,0146"
2018,4,SANTANDER,OIBA,103,10800,"0,0095"
2019,4,SANTANDER,BETULIA,37,6003,"0,0062"
2018,3,SANTANDER,JORDAN,15,1314,"0,0114"
2018,3,SANTANDER,EL PLAYON,294,13713,"0,0214"
2019,4,SANTANDER,BARRANCABERMEJA,37757,207494,"0,182"
2018,3,SANTANDER,PINCHOTE,291,5162,"0,0564"
2018,3,SANTANDER,SAN ANDRES,170,8683,"0,0196"
2018,3,SANTANDER,LEBRIJA,1454,41835,"0,0348"
2019,2,SANTANDER,ZAPATOCA,304,9507,"0,032"
2019,4,SANTANDER,CHARALA,158,12256,"0,0129"
2019,4,SANTANDER,SURATA,26,3977,"0,0065"
2020,1,SANTANDER,BETULIA,45,6061,"0,0074"
2019,4,SANTANDER,HATO,15,2349,"0,0064"
2020,1,SANTANDER,PALMAR,18,1407,"0,0128"
2019,2,SANTANDER,SANTA HELENA DEL OPON,31,3393,"0,0091"
2019,2,SANTANDER,BUCARAMANGA,140137,595635,"0,2353"
2018,3,SANTANDER,SAN BENITO,42,2950,"0,0142"
2019,4,SANTANDER,FLORIAN,17,5569,"0,0031"
2020,1,SANTANDER,SUCRE,24,7064,"0,0034"
2020,1,SANTANDER,GIRON,28082,171904,"0,1634"
2018,4,SANTANDER,CONTRATACION,203,3679,"0,0552"
2018,3,SANTANDER,MALAGA,1505,20945,"0,0719"
2020,1,SANTANDER,SAN JOSE DE MIRANDA,59,4289,"0,0138"
2019,1,SANTANDER,CHIPATA,38,5084,"0,0075"
2019,1,SANTANDER,CABRERA,27,1983,"0,0136"
2019,4,SANTANDER,LANDAZURI,73,10482,"0,007"
2019,4,SANTANDER,ARATOCA,278,8368,"0,0332"
2018,4,SANTANDER,SUCRE,71,7202,"0,0099"
2020,1,SANTANDER,LOS SANTOS,140,14787,"0,0095"
2019,2,SANTANDER,PUENTE NACIONAL,151,14740,"0,0102"
2019,2,SANTANDER,CONFINES,29,3233,"0,009"
2019,1,SANTANDER,SUAITA,144,10086,"0,0143"
2019,4,SANTANDER,EL PE�ON,19,5405,"0,0035"
2019,2,SANTANDER,PARAMO,51,4773,"0,0107"
2019,2,SANTANDER,AGUADA,28,1858,"0,0151"
2020,1,SANTANDER,SAN VICENTE DE CHUCURI,800,33593,"0,0238"
2018,3,SANTANDER,MACARAVITA,41,2171,"0,0189"
2018,3,SANTANDER,PALMAS DEL SOCORRO,33,2535,"0,013"
2019,3,SANTANDER,HATO,40,2349,"0,017"
2019,4,SANTANDER,CARCASI,22,4263,"0,0052"
2019,4,SANTANDER,CHARTA,25,2883,"0,0087"
2019,4,SANTANDER,CONTRATACION,175,3683,"0,0475"
2018,3,SANTANDER,LOS SANTOS,71,14106,"0,005"
2018,4,SANTANDER,EL CARMEN DE CHUCURI,119,20916,"0,0057"
2019,2,SANTANDER,OCAMONTE,43,5740,"0,0075"
2019,3,SANTANDER,BARBOSA,2318,31940,"0,0726"
2019,2,SANTANDER,MATANZA,105,4999,"0,021"
2019,3,SANTANDER,CAPITANEJO,222,5479,"0,0405"
2020,1,SANTANDER,EL PLAYON,178,14038,"0,0127"
2019,4,SANTANDER,ALBANIA,9,4242,"0,0021"
2019,2,SANTANDER,SOCORRO,4017,32965,"0,1219"
2019,1,SANTANDER,GUACA,66,5900,"0,0112"
2019,1,SANTANDER,PUERTO WILCHES,1618,33572,"0,0482"
2018,4,SANTANDER,CURITI,233,12717,"0,0183"
2018,3,SANTANDER,CHARALA,234,12270,"0,0191"
2018,3,SANTANDER,SAN MIGUEL,51,2531,"0,0202"
2020,1,SANTANDER,FLORIAN,20,5589,"0,0036"
2019,4,SANTANDER,MALAGA,1010,21339,"0,0473"
2018,4,SANTANDER,HATO,34,2328,"0,0146"
2018,3,SANTANDER,SIMACOTA,83,10042,"0,0083"
2018,4,SANTANDER,CHIMA,26,2875,"0,009"
2019,3,SANTANDER,PUENTE NACIONAL,154,14740,"0,0104"
2019,3,SANTANDER,CHIPATA,48,5084,"0,0094"
2019,3,SANTANDER,OIBA,106,11004,"0,0096"
2020,1,SANTANDER,ZAPATOCA,43,9566,"0,0045"
2019,4,SANTANDER,CALIFORNIA,22,2186,"0,0101"
2020,1,SANTANDER,MATANZA,67,5035,"0,0133"
2019,3,SANTANDER,SOCORRO,3964,32965,"0,1202"
2019,4,SANTANDER,SABANA DE TORRES,1170,33887,"0,0345"
2018,4,SANTANDER,ARATOCA,82,8229,"0,01"
2019,1,SANTANDER,PINCHOTE,593,5285,"0,1122"
2018,3,SANTANDER,SAN JOSE DE MIRANDA,74,4367,"0,0169"
2019,4,SANTANDER,GIRON,27019,166843,"0,1619"
2019,3,SANTANDER,LA PAZ,49,4921,"0,01"
2020,1,SANTANDER,LA BELLEZA,263,6178,"0,0426"
2019,1,SANTANDER,CHIMA,27,2865,"0,0094"
2019,1,SANTANDER,LA BELLEZA,264,6174,"0,0428"
2018,4,SANTANDER,CAPITANEJO,222,5505,"0,0403"
2018,4,SANTANDER,TONA,75,7373,"0,0102"
2020,1,SANTANDER,CHIPATA,37,5093,"0,0073"
2018,4,SANTANDER,MATANZA,93,4976,"0,0187"
2019,2,SANTANDER,COROMORO,52,5009,"0,0104"
2020,1,SANTANDER,CEPITA,71,2025,"0,0351"
2019,2,SANTANDER,LA PAZ,46,4921,"0,0093"
2019,3,SANTANDER,CIMITARRA,1391,33750,"0,0412"
2019,1,SANTANDER,SAN GIL,8017,58032,"0,1381"
2019,1,SANTANDER,MOGOTES,203,10576,"0,0192"
2019,3,SANTANDER,SAN VICENTE DE CHUCURI,1305,33414,"0,0391"
2019,3,SANTANDER,ENCISO,45,3444,"0,0131"
2019,2,SANTANDER,CAPITANEJO,229,5479,"0,0418"
2019,2,SANTANDER,ENCINO,34,2567,"0,0132"
2018,4,SANTANDER,BARBOSA,2256,31050,"0,0727"
2018,3,SANTANDER,SANTA BARBARA,31,2401,"0,0129"
2020,1,SANTANDER,GsEPSA,102,5309,"0,0192"
2019,4,SANTANDER,GUACA,24,5900,"0,0041"
2019,1,SANTANDER,VALLE DE SAN JOSE,64,6222,"0,0103"
2018,3,SANTANDER,ENCISO,48,3461,"0,0139"
2019,3,SANTANDER,OCAMONTE,40,5740,"0,007"
2020,1,SANTANDER,CERRITO,65,6933,"0,0094"
2020,1,SANTANDER,PALMAS DEL SOCORRO,14,2626,"0,0053"
2019,1,SANTANDER,SOCORRO,4089,32965,"0,124"
2019,4,SANTANDER,SUCRE,19,7103,"0,0027"
2019,3,SANTANDER,GUAPOTA,41,2394,"0,0171"
2019,2,SANTANDER,CERRITO,109,6838,"0,0159"
2019,1,SANTANDER,MACARAVITA,41,2125,"0,0193"
2019,4,SANTANDER,PUERTO PARRA,29,7846,"0,0037"
2018,3,SANTANDER,HATO,34,2328,"0,0146"
2018,3,SANTANDER,SUAITA,145,10031,"0,0145"
2019,1,SANTANDER,SAN JOSE DE MIRANDA,81,4313,"0,0188"
2019,4,SANTANDER,MACARAVITA,10,2125,"0,0047"
2019,2,SANTANDER,CALIFORNIA,43,2186,"0,0197"
2020,1,SANTANDER,LA PAZ,25,4917,"0,0051"
2018,3,SANTANDER,CIMITARRA,1352,32947,"0,041"
2019,1,SANTANDER,LEBRIJA,1312,43145,"0,0304"
2019,1,SANTANDER,GAMBITA,50,4008,"0,0125"
2019,2,SANTANDER,CHIPATA,42,5084,"0,0083"
2019,2,SANTANDER,SAN VICENTE DE CHUCURI,1324,33414,"0,0396"
2018,4,SANTANDER,GUADALUPE,75,4511,"0,0166"
2019,4,SANTANDER,CIMITARRA,1016,33750,"0,0301"
2019,3,SANTANDER,CEPITA,59,2018,"0,0292"
2019,1,SANTANDER,EL PLAYON,310,13882,"0,0223"
2019,2,SANTANDER,SAN MIGUEL,53,2494,"0,0213"
2019,2,SANTANDER,BETULIA,79,6003,"0,0132"
2019,4,SANTANDER,LOS SANTOS,91,14485,"0,0063"
2018,3,SANTANDER,COROMORO,51,5015,"0,0102"
2019,3,SANTANDER,BARRANCABERMEJA,36935,207494,"0,178"
2018,4,SANTANDER,SABANA DE TORRES,1301,33055,"0,0394"
2020,1,SANTANDER,SAN BENITO,13,2972,"0,0044"
2018,4,SANTANDER,SAN JOAQUIN,44,2241,"0,0196"
2019,4,SANTANDER,GALAN,51,2883,"0,0177"
2019,3,SANTANDER,FLORIAN,43,5569,"0,0077"
2019,3,SANTANDER,LANDAZURI,142,10482,"0,0135"
2018,4,SANTANDER,BETULIA,72,5941,"0,0121"
2019,3,SANTANDER,LOS SANTOS,163,14485,"0,0113"
2019,1,SANTANDER,SAN JOAQUIN,43,2215,"0,0194"
2020,1,SANTANDER,CURITI,403,13283,"0,0303"
2019,2,SANTANDER,EL PE�ON,33,5405,"0,0061"
2018,4,SANTANDER,GsEPSA,300,5114,"0,0587"
2019,4,SANTANDER,MATANZA,54,4999,"0,0108"
2019,2,SANTANDER,JESUS MARIA,33,3337,"0,0099"
2019,1,SANTANDER,PUERTO PARRA,120,7846,"0,0153"
2018,3,SANTANDER,PUENTE NACIONAL,152,14654,"0,0104"
2019,4,SANTANDER,GUAVATA,17,4200,"0,004"
2018,4,SANTANDER,BARICHARA,638,10486,"0,0608"
2019,2,SANTANDER,GUAPOTA,38,2394,"0,0159"
2020,1,SANTANDER,CONTRATACION,175,3699,"0,0473"
2019,3,SANTANDER,PINCHOTE,540,5285,"0,1022"
2018,4,SANTANDER,GUAPOTA,38,2375,"0,016"
2018,3,SANTANDER,ONZAGA,69,4183,"0,0165"
2020,1,SANTANDER,LANDAZURI,75,10588,"0,0071"
2020,1,SANTANDER,VALLE DE SAN JOSE,133,6336,"0,021"
2019,2,SANTANDER,VETAS,29,2142,"0,0135"
2018,3,SANTANDER,MOLAGAVITA,36,4137,"0,0087"
2019,3,SANTANDER,TONA,66,7562,"0,0087"
2019,4,SANTANDER,BARBOSA,2428,31940,"0,076"
2018,3,SANTANDER,PIEDECUESTA,28936,170625,"0,1696"
2020,1,SANTANDER,SIMACOTA,40,10226,"0,0039"
2019,4,SANTANDER,SAN ANDRES,34,8613,"0,0039"
2018,4,SANTANDER,CARCASI,39,4292,"0,0091"
2018,3,SANTANDER,CONCEPCION,111,5738,"0,0193"
2019,2,SANTANDER,ONZAGA,71,4111,"0,0173"
2018,3,SANTANDER,CONTRATACION,203,3679,"0,0552"
2020,1,SANTANDER,JESUS MARIA,21,3339,"0,0063"
2020,1,SANTANDER,PUENTE NACIONAL,92,14844,"0,0062"
2018,3,SANTANDER,BOLIVAR,80,11287,"0,0071"
2018,4,SANTANDER,EL PE�ON,34,5279,"0,0064"
2020,1,SANTANDER,PINCHOTE,324,5385,"0,0602"
2019,3,SANTANDER,PALMAR,39,1386,"0,0281"
2018,3,SANTANDER,BARICHARA,423,10486,"0,0403"
2019,1,SANTANDER,JESUS MARIA,33,3337,"0,0099"
2019,3,SANTANDER,EL GUACAMAYO,59,2119,"0,0278"
2018,3,SANTANDER,CHIMA,26,2875,"0,009"
2020,1,SANTANDER,CHARALA,538,12272,"0,0438"
2019,1,SANTANDER,GIRON,26382,166843,"0,1581"
2019,1,SANTANDER,MATANZA,95,4999,"0,019"
2020,1,SANTANDER,JORDAN,10,1336,"0,0075"
2019,3,SANTANDER,VALLE DE SAN JOSE,61,6222,"0,0098"
2019,4,SANTANDER,CHIMA,13,2865,"0,0045"
2019,1,SANTANDER,OIBA,107,11004,"0,0097"
2019,3,SANTANDER,BOLIVAR,73,11073,"0,0066"
2020,1,SANTANDER,PIEDECUESTA,33486,182959,"0,183"
2018,3,SANTANDER,ZAPATOCA,304,9466,"0,0321"
2019,4,SANTANDER,OCAMONTE,17,5740,"0,003"
2019,4,SANTANDER,LA BELLEZA,252,6174,"0,0408"
2018,3,SANTANDER,PUERTO WILCHES,1596,32791,"0,0487"
2019,3,SANTANDER,SANTA HELENA DEL OPON,34,3393,"0,01"
2018,4,SANTANDER,CEPITA,32,2015,"0,0159"
2018,3,SANTANDER,EL GUACAMAYO,70,2167,"0,0323"
2020,1,SANTANDER,HATO,17,2370,"0,0072"
2019,3,SANTANDER,CALIFORNIA,46,2186,"0,021"
2020,1,SANTANDER,SOCORRO,3214,33628,"0,0956"
2019,4,SANTANDER,CEPITA,49,2018,"0,0243"
2019,1,SANTANDER,ALBANIA,31,4242,"0,0073"
2019,3,SANTANDER,GUAVATA,29,4200,"0,0069"
2019,4,SANTANDER,RIONEGRO,125,26746,"0,0047"
2019,3,SANTANDER,JORDAN,18,1325,"0,0136"
2019,1,SANTANDER,PALMAR,35,1386,"0,0253"
2019,1,SANTANDER,ONZAGA,69,4111,"0,0168"
2019,4,SANTANDER,CURITI,164,13028,"0,0126"
2018,3,SANTANDER,VETAS,26,2114,"0,0123"
2019,2,SANTANDER,PINCHOTE,527,5285,"0,0997"
2018,4,SANTANDER,RIONEGRO,214,26438,"0,0081"
2019,3,SANTANDER,ZAPATOCA,231,9507,"0,0243"
2018,4,SANTANDER,GIRON,25924,160403,"0,1616"
2019,1,SANTANDER,ARATOCA,227,8368,"0,0271"
2019,1,SANTANDER,PIEDECUESTA,29940,177586,"0,1686"
2018,3,SANTANDER,BARBOSA,2244,31050,"0,0723"
2019,3,SANTANDER,SAN BENITO,29,2957,"0,0098"
2019,1,SANTANDER,CONCEPCION,109,5738,"0,019"
2019,1,SANTANDER,SAN MIGUEL,52,2494,"0,0209"
2019,3,SANTANDER,CONTRATACION,224,3683,"0,0608"
2019,3,SANTANDER,MALAGA,1410,21339,"0,0661"
2019,3,SANTANDER,ENCINO,44,2567,"0,0171"
2018,4,SANTANDER,SAN JOSE DE MIRANDA,76,4367,"0,0174"
2018,4,SANTANDER,JORDAN,15,1314,"0,0114"
2019,3,SANTANDER,LEBRIJA,1333,43145,"0,0309"
2019,2,SANTANDER,MOGOTES,206,10576,"0,0195"
2019,1,SANTANDER,GUAVATA,36,4200,"0,0086"
2018,4,SANTANDER,ZAPATOCA,302,9466,"0,0319"
2019,3,SANTANDER,COROMORO,34,5009,"0,0068"
2018,3,SANTANDER,CAPITANEJO,223,5505,"0,0405"
2018,3,SANTANDER,FLORIDABLANCA,69684,291935,"0,2387"
2019,1,SANTANDER,BETULIA,76,6003,"0,0127"
2018,4,SANTANDER,CONFINES,28,3159,"0,0089"
2019,4,SANTANDER,BOLIVAR,53,11073,"0,0048"
2019,2,SANTANDER,ARATOCA,264,8368,"0,0315"
2019,2,SANTANDER,SABANA DE TORRES,1358,33887,"0,0401"
2019,1,SANTANDER,CONFINES,28,3233,"0,0087"
2020,1,SANTANDER,SUAITA,41,10158,"0,004"
2020,1,SANTANDER,SAN MIGUEL,23,2478,"0,0093"
2019,2,SANTANDER,BOLIVAR,93,11073,"0,0084"
2019,3,SANTANDER,SIMACOTA,76,10138,"0,0075"
2019,2,SANTANDER,PALMAR,36,1386,"0,026"
2019,1,SANTANDER,VILLANUEVA,192,7927,"0,0242"
2020,1,SANTANDER,FLORIDABLANCA,67776,307896,"0,2201"
2018,3,SANTANDER,CARCASI,39,4292,"0,0091"
2019,2,SANTANDER,ALBANIA,31,4242,"0,0073"
2019,4,SANTANDER,SAN JOAQUIN,15,2215,"0,0068"
2018,3,SANTANDER,OIBA,103,10800,"0,0095"
2018,3,SANTANDER,VELEZ,433,24356,"0,0178"
2018,3,SANTANDER,CHIPATA,40,5075,"0,0079"
2019,2,SANTANDER,LOS SANTOS,85,14485,"0,0059"
2018,3,SANTANDER,BETULIA,72,5941,"0,0121"
2018,4,SANTANDER,GUACA,65,5916,"0,011"
2020,1,SANTANDER,SAN ANDRES,42,8596,"0,0049"
2019,3,SANTANDER,MATANZA,98,4999,"0,0196"
2018,3,SANTANDER,MATANZA,90,4976,"0,0181"
2019,2,SANTANDER,BARRANCABERMEJA,35943,207494,"0,1732"
2018,3,SANTANDER,PALMAR,34,1361,"0,025"
2019,2,SANTANDER,FLORIAN,72,5569,"0,0129"
2018,4,SANTANDER,CABRERA,27,1937,"0,0139"
2019,1,SANTANDER,BARBOSA,2120,31940,"0,0664"
2019,1,SANTANDER,FLORIDABLANCA,65377,300730,"0,2174"
2019,4,SANTANDER,SIMACOTA,36,10138,"0,0036"
2020,1,SANTANDER,VETAS,11,2168,"0,0051"
2019,4,SANTANDER,CHIPATA,40,5084,"0,0079"
2019,4,SANTANDER,PUERTO WILCHES,960,33572,"0,0286"
2019,1,SANTANDER,BOLIVAR,82,11073,"0,0074"
2019,1,SANTANDER,JORDAN,15,1325,"0,0113"
2019,3,SANTANDER,VILLANUEVA,198,7927,"0,025"
2019,2,SANTANDER,SAN GIL,8014,58032,"0,1381"
2019,3,SANTANDER,BARICHARA,787,10674,"0,0737"
2019,3,SANTANDER,GALAN,79,2883,"0,0274"
2019,3,SANTANDER,CURITI,248,13028,"0,019"
2019,2,SANTANDER,BARICHARA,766,10674,"0,0718"
2019,2,SANTANDER,CURITI,259,13028,"0,0199"
2019,2,SANTANDER,GALAN,74,2883,"0,0257"
2019,3,SANTANDER,SAN GIL,12322,58032,"0,2123"
2019,2,SANTANDER,VILLANUEVA,201,7927,"0,0254"
2020,2,SANTANDER,GAMBITA,34,4013,"0,0085"
2017,3,SANTANDER,SANTA HELENA DEL OPON,0,4275,0
2017,3,SANTANDER,PARAMO,0,4201,0
2017,3,SANTANDER,CALIFORNIA,0,2020,0
2017,3,SANTANDER,CONFINES,0,2698,0
2017,4,SANTANDER,SURATA,0,3225,0
2017,3,SANTANDER,FLORIAN,0,6284,0
2017,4,SANTANDER,SUCRE,0,8246,0
2017,4,SANTANDER,GUAVATA,0,3549,0
2017,3,SANTANDER,PUENTE NACIONAL,0,12086,0
2017,3,SANTANDER,PALMAR,0,3423,0
2017,4,SANTANDER,ENCISO,0,3202,0
2020,2,SANTANDER,CALIFORNIA,23,2232,"0,0103"
2017,4,SANTANDER,PALMAR,0,3423,0
2017,4,SANTANDER,BETULIA,0,5061,0
2020,2,SANTANDER,ZAPATOCA,44,9566,"0,0046"
2020,2,SANTANDER,ARATOCA,439,8487,"0,0517"
2020,2,SANTANDER,JESUS MARIA,23,3339,"0,0069"
2017,3,SANTANDER,CHIPATA,0,5071,0
2017,3,SANTANDER,MOLAGAVITA,0,5087,0
2020,2,SANTANDER,RIONEGRO,201,27062,"0,0074"
2017,3,SANTANDER,CHIMA,0,3042,0
2020,2,SANTANDER,GsEPSA,106,5309,"0,02"
2017,3,SANTANDER,MOGOTES,0,10878,0
2017,3,SANTANDER,SOCORRO,0,30847,0
2020,1,SANTANDER,VELEZ,581,25219,"0,023"
2017,3,SANTANDER,PALMAS DEL SOCORRO,0,2220,0
2020,2,SANTANDER,PARAMO,287,4869,"0,0589"
2017,4,SANTANDER,OCAMONTE,0,4723,0
2017,3,SANTANDER,CABRERA,0,2356,0
2017,3,SANTANDER,CONCEPCION,0,5177,0
2020,2,SANTANDER,VETAS,18,2168,"0,0083"
2017,4,SANTANDER,OIBA,0,11896,0
2020,2,SANTANDER,CHIPATA,54,5093,"0,0106"
2020,2,SANTANDER,SABANA DE TORRES,1113,34556,"0,0322"
2020,2,SANTANDER,SIMACOTA,47,10226,"0,0046"
2020,2,SANTANDER,MALAGA,1120,21672,"0,0517"
2017,3,SANTANDER,SURATA,0,3225,0
2017,3,SANTANDER,CHARALA,0,10373,0
2017,3,SANTANDER,CONTRATACION,0,3409,0
2017,3,SANTANDER,EL PLAYON,0,11520,0
2020,2,SANTANDER,GUACA,32,5909,"0,0054"
2017,4,SANTANDER,EL PE�ON,0,5076,0
2017,3,SANTANDER,BETULIA,0,5061,0
2017,4,SANTANDER,BUCARAMANGA,0,528497,0
2017,3,SANTANDER,SANTA BARBARA,0,2100,0
2017,4,SANTANDER,MACARAVITA,0,2299,0
2020,2,SANTANDER,BOLIVAR,68,10980,"0,0062"
2017,3,SANTANDER,MALAGA,0,18308,0
2017,4,SANTANDER,CHIMA,0,3042,0
2020,2,SANTANDER,CEPITA,79,2025,"0,039"
2017,3,SANTANDER,EL GUACAMAYO,0,1943,0
2017,4,SANTANDER,SIMACOTA,0,7593,0
2017,4,SANTANDER,EL PLAYON,0,11520,0
2017,3,SANTANDER,SAN JOAQUIN,0,2407,0
2017,4,SANTANDER,ZAPATOCA,0,8847,0
2017,4,SANTANDER,GALAN,0,2196,0
2017,4,SANTANDER,SAN MIGUEL,0,2310,0
2020,2,SANTANDER,GALAN,63,2891,"0,0218"
2020,2,SANTANDER,SAN ANDRES,43,8596,"0,005"
2019,2,SANTANDER,VELEZ,579,24843,"0,0233"
2017,4,SANTANDER,LA BELLEZA,0,8594,0
2017,4,SANTANDER,ALBANIA,0,5230,0
2017,3,SANTANDER,PINCHOTE,0,5373,0
2017,4,SANTANDER,CONCEPCION,0,5177,0
2020,2,SANTANDER,SAN MIGUEL,28,2478,"0,0113"
2020,2,SANTANDER,BARICHARA,892,10815,"0,0825"
2017,4,SANTANDER,COROMORO,0,7612,0
2017,3,SANTANDER,CIMITARRA,0,47096,0
2017,3,SANTANDER,HATO,0,2331,0
2017,4,SANTANDER,ONZAGA,0,4946,0
2020,2,SANTANDER,SUCRE,26,7064,"0,0037"
2017,4,SANTANDER,PUERTO WILCHES,0,31501,0
2017,4,SANTANDER,SABANA DE TORRES,0,18325,0
2020,2,SANTANDER,VELEZ,686,25219,"0,0272"
2017,3,SANTANDER,VALLE DE SAN JOSE,0,4551,0
2020,2,SANTANDER,PUERTO PARRA,280,8017,"0,0349"
2017,4,SANTANDER,GsEPSA,0,3772,0
2017,4,SANTANDER,PARAMO,0,4201,0
2017,4,SANTANDER,LA PAZ,0,5075,0
2017,4,SANTANDER,ENCINO,0,2459,0
2017,4,SANTANDER,CERRITO,0,5596,0
2020,2,SANTANDER,PALMAS DEL SOCORRO,18,2626,"0,0069"
2017,4,SANTANDER,BARICHARA,0,7112,0
2017,3,SANTANDER,FLORIDABLANCA,0,266617,0
2017,4,SANTANDER,CONTRATACION,0,3409,0
2020,2,SANTANDER,CABRERA,14,2021,"0,0069"
2017,3,SANTANDER,SAN VICENTE DE CHUCURI,0,34881,0
2017,4,SANTANDER,FLORIAN,0,6284,0
2020,2,SANTANDER,VILLANUEVA,141,7982,"0,0177"
2020,2,SANTANDER,ENCINO,19,2583,"0,0074"
2020,2,SANTANDER,TONA,122,7718,"0,0158"
2020,2,SANTANDER,OCAMONTE,20,5810,"0,0034"
2017,3,SANTANDER,MACARAVITA,0,2299,0
2020,2,SANTANDER,ENCISO,31,3445,"0,009"
2020,2,SANTANDER,CIMITARRA,1073,34403,"0,0312"
2017,3,SANTANDER,SUCRE,0,8246,0
2017,4,SANTANDER,SAN JOSE DE MIRANDA,0,4256,0
2020,2,SANTANDER,FLORIAN,21,5589,"0,0038"
2017,3,SANTANDER,LANDAZURI,0,15418,0
2020,1,SANTANDER,SAN GIL,8034,59670,"0,1346"
2020,2,SANTANDER,PUERTO WILCHES,985,34206,"0,0288"
2017,3,SANTANDER,ENCINO,0,2459,0
2017,3,SANTANDER,LOS SANTOS,0,12423,0
2020,2,SANTANDER,LANDAZURI,94,10588,"0,0089"
2017,4,SANTANDER,EL GUACAMAYO,0,1943,0
2017,3,SANTANDER,SAN JOSE DE MIRANDA,0,4256,0
2017,4,SANTANDER,CIMITARRA,0,47096,0
2020,2,SANTANDER,PINCHOTE,264,5385,"0,049"
2017,3,SANTANDER,GIRON,0,190350,0
2017,3,SANTANDER,VETAS,0,2454,0
2017,3,SANTANDER,BOLIVAR,0,12060,0
2017,4,SANTANDER,PINCHOTE,0,5373,0
2017,3,SANTANDER,LA BELLEZA,0,8594,0
2017,4,SANTANDER,GIRON,0,190350,0
2020,2,SANTANDER,PALMAR,18,1407,"0,0128"
2020,2,SANTANDER,COROMORO,23,5024,"0,0046"
2020,2,SANTANDER,GUAVATA,20,4191,"0,0048"
2017,4,SANTANDER,EL CARMEN DE CHUCURI,0,20476,0
2017,4,SANTANDER,SAN GIL,0,45752,0
2020,2,SANTANDER,CURITI,467,13283,"0,0352"
2017,3,SANTANDER,GUADALUPE,0,4604,0
2017,3,SANTANDER,SAN ANDRES,0,8315,0
2020,2,SANTANDER,ALBANIA,10,4336,"0,0023"
2017,3,SANTANDER,ZAPATOCA,0,8847,0
2017,3,SANTANDER,MATANZA,0,5201,0
2017,3,SANTANDER,BARRANCABERMEJA,0,191616,0
2020,2,SANTANDER,MOLAGAVITA,32,4106,"0,0078"
2020,2,SANTANDER,GUAPOTA,27,2413,"0,0112"
2017,3,SANTANDER,BUCARAMANGA,0,528497,0
2017,3,SANTANDER,EL CARMEN DE CHUCURI,0,20476,0
2017,4,SANTANDER,PIEDECUESTA,0,156207,0
2017,3,SANTANDER,LA PAZ,0,5075,0
2017,4,SANTANDER,VELEZ,0,18932,0
2020,2,SANTANDER,BARBOSA,3208,32653,"0,0982"
2017,4,SANTANDER,RIONEGRO,0,26680,0
2017,3,SANTANDER,VELEZ,0,18932,0
2017,3,SANTANDER,JESUS MARIA,0,3080,0
2017,3,SANTANDER,SAN GIL,0,45752,0
2020,2,SANTANDER,SAN VICENTE DE CHUCURI,845,33593,"0,0252"
2020,2,SANTANDER,SAN BENITO,14,2972,"0,0047"
2017,4,SANTANDER,MALAGA,0,18308,0
2020,2,SANTANDER,CONCEPCION,135,5757,"0,0234"
2017,4,SANTANDER,GUACA,0,6296,0
2017,4,SANTANDER,AGUADA,0,1800,0
2020,2,SANTANDER,SANTA HELENA DEL OPON,13,3411,"0,0038"
2017,3,SANTANDER,AGUADA,0,1800,0
2019,4,SANTANDER,SAN GIL,7854,58032,"0,1353"
2017,4,SANTANDER,CABRERA,0,2356,0
2017,3,SANTANDER,LEBRIJA,0,40252,0
2017,4,SANTANDER,CHARTA,0,2592,0
2017,3,SANTANDER,ARATOCA,0,8291,0
2020,2,SANTANDER,EL CARMEN DE CHUCURI,39,21820,"0,0018"
2017,4,SANTANDER,SAN BENITO,0,4007,0
2017,4,SANTANDER,CURITI,0,11980,0
2017,3,SANTANDER,SUAITA,0,10142,0
2017,4,SANTANDER,LEBRIJA,0,40252,0
2020,2,SANTANDER,SANTA BARBARA,21,2448,"0,0086"
2020,1,SANTANDER,CIMITARRA,1052,34403,"0,0306"
2017,3,SANTANDER,RIONEGRO,0,26680,0
2020,2,SANTANDER,OIBA,63,11175,"0,0056"
2020,2,SANTANDER,CONFINES,20,3294,"0,0061"
2017,3,SANTANDER,GUACA,0,6296,0
2020,2,SANTANDER,MOGOTES,41,10647,"0,0039"
2017,3,SANTANDER,PUERTO WILCHES,0,31501,0
2017,3,SANTANDER,OCAMONTE,0,4723,0
2017,3,SANTANDER,VILLANUEVA,0,5652,0
2017,3,SANTANDER,GAMBITA,0,5038,0
2017,3,SANTANDER,TONA,0,7168,0
2020,1,SANTANDER,BARBOSA,2885,32653,"0,0884"
2020,2,SANTANDER,JORDAN,9,1336,"0,0067"
2020,2,SANTANDER,SUAITA,49,10158,"0,0048"
2020,2,SANTANDER,ONZAGA,24,4082,"0,0059"
2017,3,SANTANDER,CURITI,0,11980,0
2017,3,SANTANDER,SIMACOTA,0,7593,0
2017,4,SANTANDER,MOGOTES,0,10878,0
2020,2,SANTANDER,CONTRATACION,192,3699,"0,0519"
2017,4,SANTANDER,LOS SANTOS,0,12423,0
2020,2,SANTANDER,CERRITO,150,6933,"0,0216"
2020,2,SANTANDER,LOS SANTOS,187,14787,"0,0126"
2017,4,SANTANDER,SAN JOAQUIN,0,2407,0
2020,2,SANTANDER,CAPITANEJO,77,5479,"0,0141"
2017,3,SANTANDER,CHARTA,0,2592,0
2020,2,SANTANDER,MACARAVITA,14,2104,"0,0067"
2017,4,SANTANDER,VILLANUEVA,0,5652,0
2020,2,SANTANDER,CHARTA,34,2888,"0,0118"
2017,4,SANTANDER,GUAPOTA,0,2112,0
2017,4,SANTANDER,CONFINES,0,2698,0
2017,4,SANTANDER,CALIFORNIA,0,2020,0
2020,2,SANTANDER,CHIMA,15,2866,"0,0052"
2017,3,SANTANDER,SABANA DE TORRES,0,18325,0
2017,4,SANTANDER,GUADALUPE,0,4604,0
2017,3,SANTANDER,CEPITA,0,1832,0
2020,2,SANTANDER,FLORIDABLANCA,69904,307896,"0,227"
2017,4,SANTANDER,PUERTO PARRA,0,7768,0
2020,2,SANTANDER,PIEDECUESTA,34976,182959,"0,1912"
2017,4,SANTANDER,SUAITA,0,10142,0
2017,3,SANTANDER,SAN MIGUEL,0,2310,0
2017,4,SANTANDER,PALMAS DEL SOCORRO,0,2220,0
2017,4,SANTANDER,SANTA BARBARA,0,2100,0
2020,2,SANTANDER,VALLE DE SAN JOSE,239,6336,"0,0377"
2020,2,SANTANDER,CARCASI,24,4259,"0,0056"
2017,4,SANTANDER,JORDAN,0,1092,0
2020,2,SANTANDER,BETULIA,48,6061,"0,0079"
2020,2,SANTANDER,HATO,19,2370,"0,008"
2017,3,SANTANDER,SAN BENITO,0,4007,0
2020,2,SANTANDER,LA BELLEZA,269,6178,"0,0435"
2017,4,SANTANDER,SOCORRO,0,30847,0
2017,3,SANTANDER,ALBANIA,0,5230,0
2017,3,SANTANDER,GUAVATA,0,3549,0
2017,4,SANTANDER,BOLIVAR,0,12060,0
2017,4,SANTANDER,SANTA HELENA DEL OPON,0,4275,0
2017,4,SANTANDER,ARATOCA,0,8291,0
2020,2,SANTANDER,SAN JOSE DE MIRANDA,75,4289,"0,0175"
2017,4,SANTANDER,LANDAZURI,0,15418,0
2017,4,SANTANDER,BARBOSA,0,29106,0
2017,4,SANTANDER,TONA,0,7168,0
2017,4,SANTANDER,MOLAGAVITA,0,5087,0
2017,4,SANTANDER,HATO,0,2331,0
2017,3,SANTANDER,OIBA,0,11896,0
2017,3,SANTANDER,GUAPOTA,0,2112,0
2017,4,SANTANDER,BARRANCABERMEJA,0,191616,0
2017,3,SANTANDER,ONZAGA,0,4946,0
2017,3,SANTANDER,CAPITANEJO,0,5481,0
2017,3,SANTANDER,EL PE�ON,0,5076,0
2017,4,SANTANDER,PUENTE NACIONAL,0,12086,0
2017,4,SANTANDER,MATANZA,0,5201,0
2020,2,SANTANDER,PUENTE NACIONAL,106,14844,"0,0071"
2020,2,SANTANDER,SURATA,34,3987,"0,0085"
2017,4,SANTANDER,SAN VICENTE DE CHUCURI,0,34881,0
2017,4,SANTANDER,CARCASI,0,4989,0
2020,2,SANTANDER,MATANZA,72,5035,"0,0143"
2020,2,SANTANDER,CHARALA,177,12272,"0,0144"
2017,3,SANTANDER,BARBOSA,0,29106,0
2017,3,SANTANDER,JORDAN,0,1092,0
2017,3,SANTANDER,COROMORO,0,7612,0
2020,2,SANTANDER,GUADALUPE,33,4468,"0,0074"
2017,4,SANTANDER,JESUS MARIA,0,3080,0
2017,4,SANTANDER,VETAS,0,2454,0
2017,3,SANTANDER,ENCISO,0,3202,0
2020,2,SANTANDER,EL PLAYON,211,14038,"0,015"
2017,4,SANTANDER,SAN ANDRES,0,8315,0
2017,4,SANTANDER,CEPITA,0,1832,0
2017,4,SANTANDER,FLORIDABLANCA,0,266617,0
2017,3,SANTANDER,BARICHARA,0,7112,0
2017,4,SANTANDER,VALLE DE SAN JOSE,0,4551,0
2017,3,SANTANDER,CARCASI,0,4989,0
2017,3,SANTANDER,PUERTO PARRA,0,7768,0
2020,2,SANTANDER,LA PAZ,25,4917,"0,0051"
2020,2,SANTANDER,SAN JOAQUIN,16,2208,"0,0072"
2017,3,SANTANDER,CERRITO,0,5596,0
2017,3,SANTANDER,GsEPSA,0,3772,0
2017,3,SANTANDER,GALAN,0,2196,0
2020,2,SANTANDER,EL PE�ON,29,5507,"0,0053"
2017,4,SANTANDER,CAPITANEJO,0,5481,0
2020,2,SANTANDER,EL GUACAMAYO,50,2085,"0,024"
2017,4,SANTANDER,CHARALA,0,10373,0
2017,4,SANTANDER,CHIPATA,0,5071,0
2017,4,SANTANDER,GAMBITA,0,5038,0
2017,3,SANTANDER,PIEDECUESTA,0,156207,0
2020,2,SANTANDER,AGUADA,14,1867,"0,0075"
2017,2,SANTANDER,LOS SANTOS,0,12423,0
2018,2,SANTANDER,PUERTO WILCHES,1694,32791,"0,0517"
2018,2,SANTANDER,CONCEPCION,123,5738,"0,0214"
2018,1,SANTANDER,MALAGA,1620,20945,"0,0773"
2018,1,SANTANDER,GsEPSA,167,5114,"0,0327"
2017,2,SANTANDER,PUENTE NACIONAL,0,12086,0
2020,3,SANTANDER,RIONEGRO,164,27062,"0,0061"
2017,1,SANTANDER,RIONEGRO,0,26680,0
2018,1,SANTANDER,CONCEPCION,122,5738,"0,0213"
2017,1,SANTANDER,AGUADA,0,1800,0
2018,1,SANTANDER,SAN VICENTE DE CHUCURI,864,33133,"0,0261"
2017,2,SANTANDER,CEPITA,0,1832,0
2018,1,SANTANDER,BETULIA,77,5941,"0,013"
2017,1,SANTANDER,MACARAVITA,0,2299,0
2017,1,SANTANDER,LA BELLEZA,0,8594,0
2018,1,SANTANDER,BARRANCABERMEJA,32858,203537,"0,1614"
2017,1,SANTANDER,OCAMONTE,0,4723,0
2017,2,SANTANDER,ENCISO,0,3202,0
2020,3,SANTANDER,CEPITA,177,2025,"0,0874"
2017,1,SANTANDER,CONFINES,0,2698,0
2020,3,SANTANDER,CHARALA,800,12272,"0,0652"
2020,3,SANTANDER,LA PAZ,32,4917,"0,0065"
2020,3,SANTANDER,GUAPOTA,22,2413,"0,0091"
2018,1,SANTANDER,CURITI,183,12717,"0,0144"
2020,3,SANTANDER,LANDAZURI,80,10588,"0,0076"
2020,3,SANTANDER,SAN VICENTE DE CHUCURI,1619,33593,"0,0482"
2017,2,SANTANDER,GALAN,0,2196,0
2018,1,SANTANDER,SABANA DE TORRES,1046,33055,"0,0316"
2020,3,SANTANDER,GUAVATA,20,4191,"0,0048"
2020,3,SANTANDER,SAN JOSE DE MIRANDA,94,4289,"0,0219"
2018,1,SANTANDER,VELEZ,481,24356,"0,0197"
2017,2,SANTANDER,PARAMO,0,4201,0
2017,1,SANTANDER,SAN GIL,0,45752,0
2020,3,SANTANDER,GUADALUPE,30,4468,"0,0067"
2020,3,SANTANDER,CAPITANEJO,69,5479,"0,0126"
2020,3,SANTANDER,PARAMO,223,4869,"0,0458"
2017,2,SANTANDER,SAN BENITO,0,4007,0
2017,2,SANTANDER,CURITI,0,11980,0
2020,3,SANTANDER,CONTRATACION,323,3699,"0,0873"
2017,2,SANTANDER,CARCASI,0,4989,0
2020,3,SANTANDER,PIEDECUESTA,36452,182959,"0,1992"
2017,1,SANTANDER,CAPITANEJO,0,5481,0
2018,1,SANTANDER,BARICHARA,346,10486,"0,033"
2017,1,SANTANDER,SAN VICENTE DE CHUCURI,0,34881,0
2020,3,SANTANDER,PALMAS DEL SOCORRO,14,2626,"0,0053"
2017,2,SANTANDER,SOCORRO,0,30847,0
2018,2,SANTANDER,EL PLAYON,319,13713,"0,0233"
2018,2,SANTANDER,BARRANCABERMEJA,33313,203537,"0,1637"
2018,1,SANTANDER,FLORIAN,73,5562,"0,0131"
2018,1,SANTANDER,MOGOTES,241,10527,"0,0229"
2018,2,SANTANDER,SUAITA,166,10031,"0,0165"
2017,2,SANTANDER,SURATA,0,3225,0
2017,1,SANTANDER,VILLANUEVA,0,5652,0
2017,2,SANTANDER,VETAS,0,2454,0
2018,2,SANTANDER,LANDAZURI,171,10384,"0,0165"
2018,2,SANTANDER,HATO,39,2328,"0,0168"
2017,2,SANTANDER,SAN VICENTE DE CHUCURI,0,34881,0
2017,1,SANTANDER,LOS SANTOS,0,12423,0
2017,2,SANTANDER,EL PLAYON,0,11520,0
2017,2,SANTANDER,BARBOSA,0,29106,0
2020,3,SANTANDER,VELEZ,703,25219,"0,0279"
2017,1,SANTANDER,BARRANCABERMEJA,0,191616,0
2017,1,SANTANDER,GUAPOTA,0,2112,0
2017,2,SANTANDER,PALMAR,0,3423,0
2018,1,SANTANDER,LOS SANTOS,71,14106,"0,005"
2018,2,SANTANDER,GUACA,76,5916,"0,0128"
2017,2,SANTANDER,BETULIA,0,5061,0
2018,2,SANTANDER,VALLE DE SAN JOSE,76,6084,"0,0125"
2020,3,SANTANDER,GALAN,60,2891,"0,0208"
2020,3,SANTANDER,CHIPATA,58,5093,"0,0114"
2017,1,SANTANDER,LANDAZURI,0,15418,0
2017,2,SANTANDER,SIMACOTA,0,7593,0
2020,2,SANTANDER,BARRANCABERMEJA,41238,210729,"0,1957"
2020,3,SANTANDER,MACARAVITA,13,2104,"0,0062"
2017,1,SANTANDER,SUAITA,0,10142,0
2018,2,SANTANDER,LA BELLEZA,239,6198,"0,0386"
2017,1,SANTANDER,GsEPSA,0,3772,0
2020,3,SANTANDER,SAN JOAQUIN,14,2208,"0,0063"
2017,2,SANTANDER,CHARTA,0,2592,0
2018,1,SANTANDER,SAN MIGUEL,51,2531,"0,0202"
2017,1,SANTANDER,FLORIAN,0,6284,0
2020,3,SANTANDER,SUAITA,39,10158,"0,0038"
2017,1,SANTANDER,BARBOSA,0,29106,0
2017,1,SANTANDER,JORDAN,0,1092,0
2018,1,SANTANDER,PIEDECUESTA,27445,170625,"0,1608"
2017,1,SANTANDER,CONTRATACION,0,3409,0
2018,2,SANTANDER,BUCARAMANGA,148588,581130,"0,2557"
2017,1,SANTANDER,PINCHOTE,0,5373,0
2020,3,SANTANDER,AGUADA,25,1867,"0,0134"
2018,1,SANTANDER,JORDAN,15,1314,"0,0114"
2018,1,SANTANDER,RIONEGRO,229,26438,"0,0087"
2017,2,SANTANDER,CONFINES,0,2698,0
2020,3,SANTANDER,SANTA BARBARA,15,2448,"0,0061"
2018,1,SANTANDER,CARCASI,40,4292,"0,0093"
2017,1,SANTANDER,ALBANIA,0,5230,0
2018,2,SANTANDER,CONFINES,34,3159,"0,0108"
2018,2,SANTANDER,ARATOCA,92,8229,"0,0112"
2017,1,SANTANDER,JESUS MARIA,0,3080,0
2018,1,SANTANDER,SOCORRO,3166,32158,"0,0985"
2018,2,SANTANDER,SIMACOTA,98,10042,"0,0098"
2018,2,SANTANDER,BARICHARA,402,10486,"0,0383"
2018,2,SANTANDER,OCAMONTE,60,5661,"0,0106"
2017,2,SANTANDER,CHIPATA,0,5071,0
2017,1,SANTANDER,CIMITARRA,0,47096,0
2018,2,SANTANDER,ALBANIA,36,4129,"0,0087"
2017,2,SANTANDER,GUADALUPE,0,4604,0
2020,3,SANTANDER,VILLANUEVA,291,7982,"0,0365"
2018,2,SANTANDER,SUCRE,80,7202,"0,0111"
2017,1,SANTANDER,PALMAR,0,3423,0
2018,1,SANTANDER,GUADALUPE,82,4511,"0,0182"
2017,2,SANTANDER,GUAPOTA,0,2112,0
2020,3,SANTANDER,CURITI,931,13283,"0,0701"
2018,2,SANTANDER,RIONEGRO,233,26438,"0,0088"
2018,2,SANTANDER,SAN JOAQUIN,50,2241,"0,0223"
2020,3,SANTANDER,ALBANIA,8,4336,"0,0018"
2017,1,SANTANDER,SIMACOTA,0,7593,0
2018,1,SANTANDER,BOLIVAR,86,11287,"0,0076"
2018,1,SANTANDER,PUENTE NACIONAL,196,14654,"0,0134"
2020,3,SANTANDER,COROMORO,18,5024,"0,0036"
2018,1,SANTANDER,SAN GIL,8286,56037,"0,1479"
2018,2,SANTANDER,ENCINO,40,2552,"0,0157"
2018,1,SANTANDER,ALBANIA,34,4129,"0,0082"
2018,2,SANTANDER,JORDAN,16,1314,"0,0122"
2018,2,SANTANDER,MOLAGAVITA,40,4137,"0,0097"
2017,2,SANTANDER,GUACA,0,6296,0
2017,1,SANTANDER,BETULIA,0,5061,0
2018,2,SANTANDER,GIRON,28487,160403,"0,1776"
2017,1,SANTANDER,CABRERA,0,2356,0
2020,3,SANTANDER,GIRON,31099,171904,"0,1809"
2018,1,SANTANDER,FLORIDABLANCA,68140,291935,"0,2334"
2017,2,SANTANDER,COROMORO,0,7612,0
2018,2,SANTANDER,SAN VICENTE DE CHUCURI,1064,33133,"0,0321"
2017,1,SANTANDER,VELEZ,0,18932,0
2018,2,SANTANDER,CHIPATA,39,5075,"0,0077"
2018,2,SANTANDER,VETAS,32,2114,"0,0151"
2018,2,SANTANDER,GAMBITA,49,4021,"0,0122"
2018,2,SANTANDER,PALMAS DEL SOCORRO,38,2535,"0,015"
2018,1,SANTANDER,MACARAVITA,44,2171,"0,0203"
2018,2,SANTANDER,CHIMA,33,2875,"0,0115"
2018,1,SANTANDER,JESUS MARIA,39,3342,"0,0117"
2020,3,SANTANDER,MATANZA,139,5035,"0,0276"
2020,3,SANTANDER,LA BELLEZA,271,6178,"0,0439"
2018,2,SANTANDER,MALAGA,1575,20945,"0,0752"
2018,1,SANTANDER,PALMAS DEL SOCORRO,38,2535,"0,015"
2020,3,SANTANDER,FLORIAN,20,5589,"0,0036"
2017,2,SANTANDER,EL PE�ON,0,5076,0
2018,2,SANTANDER,PIEDECUESTA,28073,170625,"0,1645"
2017,1,SANTANDER,MALAGA,0,18308,0
2017,2,SANTANDER,MACARAVITA,0,2299,0
2020,3,SANTANDER,VALLE DE SAN JOSE,234,6336,"0,0369"
2018,2,SANTANDER,EL PE�ON,39,5279,"0,0074"
2018,1,SANTANDER,ARATOCA,91,8229,"0,0111"
2017,2,SANTANDER,GAMBITA,0,5038,0
2020,3,SANTANDER,MALAGA,1033,21672,"0,0477"
2018,2,SANTANDER,CIMITARRA,1448,32947,"0,0439"
2017,1,SANTANDER,GALAN,0,2196,0
2018,1,SANTANDER,CAPITANEJO,268,5505,"0,0487"
2017,2,SANTANDER,JORDAN,0,1092,0
2020,3,SANTANDER,GUACA,24,5909,"0,0041"
2018,1,SANTANDER,TONA,81,7373,"0,011"
2020,3,SANTANDER,CERRITO,174,6933,"0,0251"
2017,1,SANTANDER,SAN ANDRES,0,8315,0
2018,1,SANTANDER,CERRITO,116,6729,"0,0172"
2017,2,SANTANDER,ALBANIA,0,5230,0
2017,1,SANTANDER,SOCORRO,0,30847,0
2018,1,SANTANDER,LEBRIJA,1573,41835,"0,0376"
2018,2,SANTANDER,SURATA,45,3975,"0,0113"
2018,2,SANTANDER,SOCORRO,4006,32158,"0,1246"
2018,2,SANTANDER,ZAPATOCA,374,9466,"0,0395"
2017,1,SANTANDER,CHIMA,0,3042,0
2017,1,SANTANDER,SURATA,0,3225,0
2017,2,SANTANDER,EL CARMEN DE CHUCURI,0,20476,0
2017,1,SANTANDER,CHARALA,0,10373,0
2018,2,SANTANDER,CAPITANEJO,268,5505,"0,0487"
2020,3,SANTANDER,LOS SANTOS,125,14787,"0,0085"
2017,2,SANTANDER,SAN JOAQUIN,0,2407,0
2018,2,SANTANDER,CARCASI,41,4292,"0,0096"
2018,1,SANTANDER,SANTA HELENA DEL OPON,36,3389,"0,0106"
2018,2,SANTANDER,SABANA DE TORRES,1106,33055,"0,0335"
2018,1,SANTANDER,PARAMO,56,4654,"0,012"
2017,1,SANTANDER,TONA,0,7168,0
2017,2,SANTANDER,AGUADA,0,1800,0
2017,2,SANTANDER,FLORIAN,0,6284,0
2017,2,SANTANDER,OCAMONTE,0,4723,0
2018,2,SANTANDER,PARAMO,57,4654,"0,0122"
2018,1,SANTANDER,SAN JOAQUIN,49,2241,"0,0219"
2018,2,SANTANDER,OIBA,114,10800,"0,0106"
2020,3,SANTANDER,ENCINO,15,2583,"0,0058"
2018,2,SANTANDER,CABRERA,34,1937,"0,0176"
2020,3,SANTANDER,EL PE�ON,25,5507,"0,0045"
2017,1,SANTANDER,LEBRIJA,0,40252,0
2018,2,SANTANDER,CALIFORNIA,42,2130,"0,0197"
2020,3,SANTANDER,SABANA DE TORRES,1002,34556,"0,029"
2017,2,SANTANDER,SAN MIGUEL,0,2310,0
2017,1,SANTANDER,ENCISO,0,3202,0
2017,2,SANTANDER,MALAGA,0,18308,0
2018,1,SANTANDER,VALLE DE SAN JOSE,317,6084,"0,0521"
2020,3,SANTANDER,LEBRIJA,1418,44169,"0,0321"
2017,2,SANTANDER,BOLIVAR,0,12060,0
2017,1,SANTANDER,MATANZA,0,5201,0
2018,1,SANTANDER,OIBA,112,10800,"0,0104"
2018,1,SANTANDER,SURATA,40,3975,"0,0101"
2017,1,SANTANDER,MOGOTES,0,10878,0
2020,3,SANTANDER,CHIMA,12,2866,"0,0042"
2017,1,SANTANDER,SAN BENITO,0,4007,0
2018,1,SANTANDER,LA BELLEZA,222,6198,"0,0358"
2017,2,SANTANDER,TONA,0,7168,0
2020,3,SANTANDER,CALIFORNIA,20,2232,"0,009"
2017,1,SANTANDER,EL PE�ON,0,5076,0
2017,1,SANTANDER,PIEDECUESTA,0,156207,0
2017,1,SANTANDER,EL PLAYON,0,11520,0
2018,2,SANTANDER,PINCHOTE,211,5162,"0,0409"
2020,2,SANTANDER,GIRON,29870,171904,"0,1738"
2018,1,SANTANDER,EL PLAYON,312,13713,"0,0228"
2018,1,SANTANDER,MATANZA,88,4976,"0,0177"
2018,1,SANTANDER,AGUADA,29,1855,"0,0156"
2017,1,SANTANDER,PUERTO PARRA,0,7768,0
2018,1,SANTANDER,ONZAGA,76,4183,"0,0182"
2018,1,SANTANDER,LA PAZ,52,4953,"0,0105"
2018,2,SANTANDER,LEBRIJA,1549,41835,"0,037"
2017,1,SANTANDER,SABANA DE TORRES,0,18325,0
2018,2,SANTANDER,SAN BENITO,44,2950,"0,0149"
2017,1,SANTANDER,BOLIVAR,0,12060,0
2018,1,SANTANDER,CHARALA,1143,12270,"0,0932"
2017,1,SANTANDER,SAN JOAQUIN,0,2407,0
2018,2,SANTANDER,VELEZ,482,24356,"0,0198"
2017,1,SANTANDER,LA PAZ,0,5075,0
2018,1,SANTANDER,CHIPATA,39,5075,"0,0077"
2020,3,SANTANDER,TONA,133,7718,"0,0172"
2020,3,SANTANDER,SAN GIL,8392,59670,"0,1406"
2018,2,SANTANDER,VILLANUEVA,153,7873,"0,0194"
2017,1,SANTANDER,ENCINO,0,2459,0
2017,2,SANTANDER,PINCHOTE,0,5373,0
2017,1,SANTANDER,GUAVATA,0,3549,0
2017,1,SANTANDER,CONCEPCION,0,5177,0
2018,2,SANTANDER,GsEPSA,172,5114,"0,0336"
2018,1,SANTANDER,CALIFORNIA,41,2130,"0,0192"
2020,3,SANTANDER,SAN BENITO,11,2972,"0,0037"
2018,2,SANTANDER,BOLIVAR,86,11287,"0,0076"
2017,1,SANTANDER,VETAS,0,2454,0
2017,1,SANTANDER,GUACA,0,6296,0
2018,1,SANTANDER,OCAMONTE,59,5661,"0,0104"
2017,2,SANTANDER,LA BELLEZA,0,8594,0
2018,2,SANTANDER,SAN GIL,7107,56037,"0,1268"
2020,3,SANTANDER,EL CARMEN DE CHUCURI,182,21820,"0,0083"
2020,3,SANTANDER,CIMITARRA,991,34403,"0,0288"
2017,2,SANTANDER,SANTA BARBARA,0,2100,0
2018,1,SANTANDER,BUCARAMANGA,147497,581130,"0,2538"
2017,2,SANTANDER,MOLAGAVITA,0,5087,0
2017,1,SANTANDER,CHIPATA,0,5071,0
2018,1,SANTANDER,VETAS,31,2114,"0,0147"
2020,3,SANTANDER,EL GUACAMAYO,68,2085,"0,0326"
2017,2,SANTANDER,MOGOTES,0,10878,0
2018,2,SANTANDER,LOS SANTOS,73,14106,"0,0052"
2018,2,SANTANDER,GUAVATA,42,4230,"0,0099"
2017,2,SANTANDER,GIRON,0,190350,0
2018,1,SANTANDER,MOLAGAVITA,39,4137,"0,0094"
2018,1,SANTANDER,SUAITA,164,10031,"0,0163"
2018,2,SANTANDER,SAN ANDRES,198,8683,"0,0228"
2020,3,SANTANDER,FLORIDABLANCA,71759,307896,"0,2331"
2017,1,SANTANDER,ARATOCA,0,8291,0
2017,2,SANTANDER,BARRANCABERMEJA,0,191616,0
2018,2,SANTANDER,ENCISO,54,3461,"0,0156"
2017,1,SANTANDER,PUENTE NACIONAL,0,12086,0
2020,3,SANTANDER,BOLIVAR,69,10980,"0,0063"
2017,2,SANTANDER,HATO,0,2331,0
2020,3,SANTANDER,BARRANCABERMEJA,41826,210729,"0,1985"
2020,3,SANTANDER,ZAPATOCA,35,9566,"0,0037"
2017,1,SANTANDER,GIRON,0,190350,0
2020,3,SANTANDER,CHARTA,37,2888,"0,0128"
2018,2,SANTANDER,CHARTA,52,2888,"0,018"
2020,3,SANTANDER,SIMACOTA,40,10226,"0,0039"
2017,1,SANTANDER,EL GUACAMAYO,0,1943,0
2017,1,SANTANDER,OIBA,0,11896,0
2018,2,SANTANDER,PUERTO PARRA,138,7640,"0,0181"
2020,3,SANTANDER,ONZAGA,21,4082,"0,0051"
2018,2,SANTANDER,SAN MIGUEL,54,2531,"0,0213"
2020,2,SANTANDER,BUCARAMANGA,145515,607428,"0,2396"
2018,2,SANTANDER,SAN JOSE DE MIRANDA,78,4367,"0,0179"
2018,2,SANTANDER,SANTA HELENA DEL OPON,36,3389,"0,0106"
2018,1,SANTANDER,SAN BENITO,44,2950,"0,0149"
2017,2,SANTANDER,PUERTO WILCHES,0,31501,0
2017,1,SANTANDER,CALIFORNIA,0,2020,0
2018,1,SANTANDER,GALAN,57,2886,"0,0198"
2017,2,SANTANDER,SANTA HELENA DEL OPON,0,4275,0
2018,2,SANTANDER,CEPITA,35,2015,"0,0174"
2018,1,SANTANDER,CEPITA,33,2015,"0,0164"
2017,2,SANTANDER,SAN GIL,0,45752,0
2020,3,SANTANDER,CONFINES,15,3294,"0,0046"
2017,1,SANTANDER,GAMBITA,0,5038,0
2020,3,SANTANDER,JESUS MARIA,23,3339,"0,0069"
2017,2,SANTANDER,SUAITA,0,10142,0
2017,2,SANTANDER,CERRITO,0,5596,0
2017,2,SANTANDER,SUCRE,0,8246,0
2017,2,SANTANDER,VELEZ,0,18932,0
2017,1,SANTANDER,SAN MIGUEL,0,2310,0
2017,1,SANTANDER,CARCASI,0,4989,0
2017,1,SANTANDER,GUADALUPE,0,4604,0
2018,2,SANTANDER,FLORIDABLANCA,68853,291935,"0,2359"
2018,2,SANTANDER,GUAPOTA,43,2375,"0,0181"
2018,2,SANTANDER,PALMAR,41,1361,"0,0301"
2018,1,SANTANDER,GUACA,75,5916,"0,0127"
2018,2,SANTANDER,EL GUACAMAYO,76,2167,"0,0351"
2017,1,SANTANDER,SANTA BARBARA,0,2100,0
2020,3,SANTANDER,VETAS,18,2168,"0,0083"
2017,1,SANTANDER,CEPITA,0,1832,0
2018,2,SANTANDER,MACARAVITA,44,2171,"0,0203"
2020,3,SANTANDER,GAMBITA,30,4013,"0,0075"
2018,2,SANTANDER,BETULIA,78,5941,"0,0131"
2018,2,SANTANDER,EL CARMEN DE CHUCURI,156,20916,"0,0075"
2018,1,SANTANDER,PUERTO PARRA,133,7640,"0,0174"
2017,2,SANTANDER,FLORIDABLANCA,0,266617,0
2017,1,SANTANDER,SAN JOSE DE MIRANDA,0,4256,0
2020,3,SANTANDER,BARICHARA,939,10815,"0,0868"
2018,2,SANTANDER,LA PAZ,56,4953,"0,0113"
2018,1,SANTANDER,BARBOSA,2179,31050,"0,0702"
2018,2,SANTANDER,BARBOSA,2171,31050,"0,0699"
2017,2,SANTANDER,CAPITANEJO,0,5481,0
2017,2,SANTANDER,LANDAZURI,0,15418,0
2017,2,SANTANDER,LA PAZ,0,5075,0
2018,1,SANTANDER,ZAPATOCA,372,9466,"0,0393"
2018,1,SANTANDER,GUAVATA,42,4230,"0,0099"
2017,1,SANTANDER,SUCRE,0,8246,0
2020,3,SANTANDER,BARBOSA,3118,32653,"0,0955"
2018,1,SANTANDER,SAN ANDRES,198,8683,"0,0228"
2018,1,SANTANDER,SIMACOTA,96,10042,"0,0096"
2018,1,SANTANDER,PINCHOTE,245,5162,"0,0475"
2020,3,SANTANDER,BETULIA,31,6061,"0,0051"
2017,2,SANTANDER,ONZAGA,0,4946,0
2020,2,SANTANDER,SOCORRO,3382,33628,"0,1006"
2017,1,SANTANDER,ZAPATOCA,0,8847,0
2017,1,SANTANDER,CURITI,0,11980,0
2018,1,SANTANDER,EL PE�ON,37,5279,"0,007"
2018,2,SANTANDER,CHARALA,251,12270,"0,0205"
2018,2,SANTANDER,MATANZA,91,4976,"0,0183"
2020,3,SANTANDER,GsEPSA,100,5309,"0,0188"
2017,2,SANTANDER,VALLE DE SAN JOSE,0,4551,0
2018,1,SANTANDER,SAN JOSE DE MIRANDA,76,4367,"0,0174"
2018,1,SANTANDER,EL CARMEN DE CHUCURI,125,20916,"0,006"
2018,1,SANTANDER,CONFINES,33,3159,"0,0104"
2018,2,SANTANDER,CONTRATACION,209,3679,"0,0568"
2018,1,SANTANDER,HATO,38,2328,"0,0163"
2020,2,SANTANDER,LEBRIJA,1417,44169,"0,0321"
2017,1,SANTANDER,HATO,0,2331,0
2018,1,SANTANDER,COROMORO,59,5015,"0,0118"
2020,3,SANTANDER,CABRERA,12,2021,"0,0059"
2018,1,SANTANDER,ENCISO,53,3461,"0,0153"
2017,1,SANTANDER,PARAMO,0,4201,0
2017,1,SANTANDER,CHARTA,0,2592,0
2017,2,SANTANDER,ZAPATOCA,0,8847,0
2017,1,SANTANDER,BUCARAMANGA,0,528497,0
2020,2,SANTANDER,SAN GIL,8415,59670,"0,141"
2017,2,SANTANDER,VILLANUEVA,0,5652,0
2020,3,SANTANDER,ENCISO,33,3445,"0,0096"
2017,2,SANTANDER,CHARALA,0,10373,0
2017,1,SANTANDER,BARICHARA,0,7112,0
2017,2,SANTANDER,BUCARAMANGA,0,528497,0
2018,1,SANTANDER,GAMBITA,49,4021,"0,0122"
2018,1,SANTANDER,SANTA BARBARA,37,2401,"0,0154"
2020,3,SANTANDER,JORDAN,8,1336,"0,006"
2020,3,SANTANDER,SANTA HELENA DEL OPON,11,3411,"0,0032"
2020,3,SANTANDER,PUENTE NACIONAL,109,14844,"0,0073"
2018,1,SANTANDER,EL GUACAMAYO,74,2167,"0,0341"
2020,3,SANTANDER,PUERTO WILCHES,1025,34206,"0,03"
2017,2,SANTANDER,LEBRIJA,0,40252,0
2020,3,SANTANDER,PINCHOTE,94,5385,"0,0175"
2017,2,SANTANDER,SAN ANDRES,0,8315,0
2020,3,SANTANDER,HATO,15,2370,"0,0063"
2018,1,SANTANDER,VILLANUEVA,152,7873,"0,0193"
2017,1,SANTANDER,PUERTO WILCHES,0,31501,0
2017,2,SANTANDER,CABRERA,0,2356,0
2020,3,SANTANDER,BUCARAMANGA,147853,607428,"0,2434"
2017,2,SANTANDER,EL GUACAMAYO,0,1943,0
2018,2,SANTANDER,CERRITO,119,6729,"0,0177"
2017,2,SANTANDER,SABANA DE TORRES,0,18325,0
2017,1,SANTANDER,ONZAGA,0,4946,0
2020,3,SANTANDER,ARATOCA,985,8487,"0,1161"
2017,2,SANTANDER,GsEPSA,0,3772,0
2017,2,SANTANDER,CIMITARRA,0,47096,0
2018,2,SANTANDER,FLORIAN,74,5562,"0,0133"
2017,2,SANTANDER,PIEDECUESTA,0,156207,0
2017,2,SANTANDER,CONTRATACION,0,3409,0
2018,1,SANTANDER,CABRERA,34,1937,"0,0176"
2018,1,SANTANDER,GUAPOTA,43,2375,"0,0181"
2017,2,SANTANDER,CONCEPCION,0,5177,0
2018,2,SANTANDER,SANTA BARBARA,38,2401,"0,0158"
2017,2,SANTANDER,PALMAS DEL SOCORRO,0,2220,0
2020,3,SANTANDER,SAN ANDRES,41,8596,"0,0048"
2017,2,SANTANDER,CALIFORNIA,0,2020,0
2020,3,SANTANDER,SOCORRO,4569,33628,"0,1359"
2017,1,SANTANDER,COROMORO,0,7612,0
2020,3,SANTANDER,CARCASI,22,4259,"0,0052"
2018,2,SANTANDER,JESUS MARIA,40,3342,"0,012"
2018,2,SANTANDER,ONZAGA,76,4183,"0,0182"
2018,1,SANTANDER,PUERTO WILCHES,1664,32791,"0,0507"
2017,2,SANTANDER,SAN JOSE DE MIRANDA,0,4256,0
2020,3,SANTANDER,MOLAGAVITA,45,4106,"0,011"
2020,3,SANTANDER,PUERTO PARRA,271,8017,"0,0338"
2018,1,SANTANDER,GIRON,27956,160403,"0,1743"
2018,2,SANTANDER,GUADALUPE,85,4511,"0,0188"
2018,2,SANTANDER,PUENTE NACIONAL,199,14654,"0,0136"
2017,2,SANTANDER,CHIMA,0,3042,0
2017,2,SANTANDER,BARICHARA,0,7112,0
2017,1,SANTANDER,EL CARMEN DE CHUCURI,0,20476,0
2020,3,SANTANDER,SUCRE,19,7064,"0,0027"
2017,2,SANTANDER,OIBA,0,11896,0
2017,1,SANTANDER,CERRITO,0,5596,0
2018,2,SANTANDER,GALAN,58,2886,"0,0201"
2018,1,SANTANDER,CONTRATACION,196,3679,"0,0533"
2020,3,SANTANDER,SURATA,32,3987,"0,008"
2017,2,SANTANDER,ARATOCA,0,8291,0
2018,1,SANTANDER,LANDAZURI,168,10384,"0,0162"
2020,3,SANTANDER,OCAMONTE,16,5810,"0,0028"
2018,2,SANTANDER,COROMORO,59,5015,"0,0118"
2018,2,SANTANDER,MOGOTES,241,10527,"0,0229"
2017,1,SANTANDER,SANTA HELENA DEL OPON,0,4275,0
2020,3,SANTANDER,CONCEPCION,182,5757,"0,0316"
2018,2,SANTANDER,TONA,83,7373,"0,0113"
2017,2,SANTANDER,ENCINO,0,2459,0
2018,2,SANTANDER,AGUADA,30,1855,"0,0162"
2017,2,SANTANDER,PUERTO PARRA,0,7768,0
2018,1,SANTANDER,PALMAR,40,1361,"0,0294"
2017,2,SANTANDER,MATANZA,0,5201,0
2020,3,SANTANDER,MOGOTES,35,10647,"0,0033"
2020,3,SANTANDER,PALMAR,14,1407,"0,01"
2018,1,SANTANDER,CHARTA,50,2888,"0,0173"
2020,3,SANTANDER,OIBA,55,11175,"0,0049"
2018,1,SANTANDER,CHIMA,34,2875,"0,0118"
2018,2,SANTANDER,CURITI,184,12717,"0,0145"
2017,1,SANTANDER,PALMAS DEL SOCORRO,0,2220,0
2017,2,SANTANDER,RIONEGRO,0,26680,0
2020,3,SANTANDER,SAN MIGUEL,27,2478,"0,0109"
2017,1,SANTANDER,MOLAGAVITA,0,5087,0
2018,1,SANTANDER,SUCRE,79,7202,"0,011"
2020,3,SANTANDER,EL PLAYON,470,14038,"0,0335"
2018,1,SANTANDER,CIMITARRA,1076,32947,"0,0327"
2017,2,SANTANDER,JESUS MARIA,0,3080,0
2018,1,SANTANDER,ENCINO,40,2552,"0,0157"
2017,1,SANTANDER,FLORIDABLANCA,0,266617,0
2017,2,SANTANDER,GUAVATA,0,3549,0
2017,1,SANTANDER,VALLE DE SAN JOSE,0,4551,0
